id,name,age,zip_code,city
1,Boris Parker,25,63348,Bronco
2,Alan Cooper,39,62565,Endeavor
3,Rihanna Alcroft,38,67735,Econoline E350
4,Celia Adler,30,66840,Trooper
5,Emerald Anderson,43,62651,350Z Roadster
6,Cecilia Pearce,33,61854,F250
7,Rosie Richards,34,67235,Mazdaspeed6
8,Tyson Douglas,31,65518,300
9,Adalie Camden,36,61713,Safari
10,Doris Willson,42,65462,A4
11,Sebastian Weasley,40,66681,GS
12,Kieth Owen,42,67710,Cabriolet
13,Janice Phillips,42,61582,Amigo
14,Jasmine Johnson,34,67464,Ranger
15,Alan Whitehouse,33,61223,Sebring
16,Bridget Wilson,42,63799,Mariner
17,Eden Leigh,27,66009,Eclipse
18,Eduardo Richardson,25,63504,Rally Wagon 3500
19,Kurt Vangness,27,68412,Mustang
20,Cadence Forth,38,66315,Grand Vitara
21,Hank Farrant,44,64927,Thunderbird
22,Kaylee Moore,44,63875,Tacoma Xtra
23,Owen Lewin,34,62660,4Runner
24,Dorothy Gates,27,68740,XK
25,Olivia Anderson,31,65821,Optima
26,Danielle Richardson,42,65387,MDX
27,Rae Downing,41,66235,Legacy
28,Drew Johnson,42,64275,Escort
29,Cedrick Roscoe,42,63403,Econoline E350
30,Bart Knight,29,63194,Prelude
31,Alan Rivers,32,68683,Roadmaster
32,Ron Cork,26,63983,Villager
33,Carol Knight,32,68181,RX
34,Vicky Bloom,38,65484,Z4
35,Tara Todd,39,68330,Camaro
36,Sage Chappell,38,63143,Silverado 1500
37,Bree Pierce,29,68574,H3
38,Javier Larkin,31,65018,Firebird
39,Lexi Mcnally,36,63435,Suburban 1500
40,Boris Khan,34,63844,xB
41,Diane Kaur,40,68980,Cooper Clubman
42,Ryan Newton,33,68998,Touareg
43,Rufus Ellis,27,68253,Eldorado
44,Clint Garcia,43,61003,323
45,Nick Gosling,25,66476,Corolla
46,Tyler Russel,39,61219,Corvette
47,Louise Terry,40,61505,Sentra
48,Chester Kaur,27,68994,Yukon
49,Rosalie Evans,29,61262,Avalon
50,Ryan Ashwell,33,65730,911
51,Emmanuelle Pierce,36,67032,Silverado 2500
52,David Stone,29,61007,C30
53,Janelle Vass,37,61046,C-Class
54,Logan Stevens,37,64642,Continental
55,Alexander Jackson,30,62306,S6
56,Aurelia Wooldridge,34,64815,Avalanche
57,Mason Tyler,38,66383,Town & Country
58,Fred Fulton,40,66768,RX
59,Stella Kerr,32,64505,6000
60,Joseph Potts,37,65000,Touareg
61,Summer Cooper,36,65362,Blazer
62,John James,37,61281,F150
63,Jackeline Rivers,24,64017,RX
64,Tony Lindop,36,62023,Savana 1500
65,Maia Booth,34,66097,911
66,Chadwick Noach,30,62131,Tacoma
67,Rick Hewitt,42,62466,Voyager
68,Alan Cann,41,68775,Concorde
69,Jackeline Fields,33,65306,Villager
70,Rocco Downing,42,64254,Montero
71,Ryan Aldridge,44,63506,QX
72,Bree Wright,43,67235,Camry
73,Shay Overson,28,62346,Sunbird
74,Russel Watson,29,66799,FX
75,Megan Slater,33,64343,Golf
76,Mike Redfern,37,62040,Golf
77,Lucy Vangness,44,63559,Aspen
78,Luke Oswald,36,64215,5000S
79,Jolene Pratt,40,67866,LS
80,Henry Wills,43,67029,Sprinter 2500
81,Ryan Stevens,28,65522,Santa Fe
82,Phillip Noon,30,63924,Celica
83,Hayden Newman,39,66719,Nubira
84,Julius Carpenter,32,63066,F-Series
85,Domenic Alexander,33,64720,Tempo
86,Ryan Overson,34,62748,Passat
87,Savannah Paterson,44,64674,650
88,Rocco Torres,44,62369,Aerio
89,Vivian Saunders,39,61166,IS-F
90,Bridget Farrant,33,63825,Alero
91,Angelique Avery,27,61789,G-Series 2500
92,Tyson Lynn,33,67553,Explorer
93,Barry Bailey,37,65187,CR-V
94,Percy Summers,36,66269,944
95,Doug Locke,32,63425,Mazdaspeed 3
96,Elijah Bishop,30,61489,Continental Flying Spur
97,Andrea Mullins,27,64506,Expo
98,Joseph Ryan,31,65346,Ram 3500
99,Chuck Walsh,38,61203,Impala
100,Elisabeth Pond,38,66160,Savana 3500
101,Kaylee Andrews,26,68121,Quest
102,Jules Wren,34,61153,R8
103,Denis Bloom,25,64919,Patriot
104,Eileen Coates,29,68088,Spectra
105,Monica Gonzales,43,68267,Ranger
106,Domenic Collingwood,35,64904,X5
107,Adina Clarke,37,68573,Roadmaster
108,Carter Andrews,34,65666,Expo
109,Mya Lynn,30,68112,S6
110,Kieth Robinson,38,62477,Ram 1500 Club
111,Jade Victor,27,62385,Windstar
112,Boris Alcroft,36,62545,Avalon
113,Rosalyn Giles,31,61339,Ram 3500
114,Alessandra Jones,28,67156,Corvette
115,Anthony Graham,41,68047,Savana 3500
116,Laila Squire,26,65414,Enclave
117,Bryon Newman,28,66319,CLS-Class
118,Ada Morris,28,62001,X6
119,Zoe Eagle,35,61572,88
120,Emma Callan,33,63465,Express 2500
121,Marissa Leigh,25,61293,Suburban
122,Roger Uddin,43,64652,Ram Wagon B150
123,Sebastian Watson,28,66319,Beretta
124,Leroy Booth,38,62408,CX-9
125,Eryn Willis,28,65924,XL-7
126,Alan Trent,31,67321,Titan
127,Meredith Wright,33,61221,57
128,Alessia York,39,68710,New Beetle
129,David Jenkin,29,64218,Millenia
130,Kamila Mcgee,31,63476,Sierra 3500
131,Georgia Squire,30,64098,Protege
132,Gabriel Ashley,29,61289,RL
133,Erick Walker,40,61008,Frontier
134,Emma Brooks,24,66520,Mark LT
135,Chadwick Gates,29,62379,Savana 3500
136,Enoch Herbert,31,66119,S10
137,Jackeline Allen,24,62004,Continental GTC
138,Enoch Pickard,30,64148,PT Cruiser
139,Mason Mullins,44,64879,Relay
140,William Palmer,36,68642,RL
141,Clint Armstrong,28,63358,X3
142,Julius Wilton,30,65703,E-Series
143,Joseph Wilkinson,26,64358,Bravada
144,Louise Alldridge,37,62746,XJ Series
145,Clarissa Larsen,37,64007,Versa
146,Tony Thatcher,27,64656,Skylark
147,Nathan Curtis,39,65445,TrailBlazer
148,Doris Russell,37,67623,X5
149,Ramon Varley,25,61730,Econoline E250
150,Carina Haines,43,65942,M
151,Rosemary Hobbs,24,68475,Land Cruiser
152,Julius Glynn,34,61372,XL-7
153,Lindsay Simpson,35,66057,Sephia
154,Johnny Sherwood,31,63172,Monte Carlo
155,Leilani Gilbert,39,68728,Boxster
156,Alison Tailor,38,62118,DeVille
157,Chuck Stevens,37,64402,Xterra
158,Gabriel Carson,35,61200,Land Cruiser
159,Brad Mccall,25,68331,Q
160,Boris Bryson,27,61595,i-370
161,Ramon Keys,26,61539,SC
162,Nathan Coates,32,66367,3-Sep
163,Doug Parsons,30,61672,RX
164,Jocelyn Dowson,27,61603,Grand Am
165,Carol Dale,28,68242,CL
166,Doug Reese,43,68185,Frontier
167,Benjamin Blackburn,40,65743,Corolla
168,Tony Gordon,32,63656,Echo
169,Rose Wright,25,61240,F150
170,Keira Gonzales,29,61570,Sonoma
171,Isla Cooper,31,64861,GTI
172,Phillip Verdon,35,61044,3 Series
173,Rick Andrews,34,61597,X5
174,Caleb Moss,32,62529,Econoline E250
175,Candice Johnson,38,63749,Caravan
176,Harvey Fulton,28,68696,Ram 3500
177,Melody Oliver,31,67461,M3
178,Carter Robinson,26,62042,Accord
179,Peter Burge,38,66442,Reatta
180,Cedrick Wilson,32,64984,Tracer
181,Lexi Stevens,38,64155,R32
182,Naomi Johnson,36,61423,Raider
183,Piper Spencer,32,67589,760
184,Johnathan Lewin,25,64934,300D
185,Chelsea Veale,39,65674,928
186,Benjamin Veale,28,62614,Interceptor
187,Keira Young,24,66382,5 Series
188,Manuel Powell,26,61903,Regal
189,Julianna Yates,26,68039,Laser
190,Maxwell Chester,28,61033,Cooper Clubman
191,Hayden Rees,35,67951,3500 Club Coupe
192,Sofie Whatson,42,65550,Escape
193,Enoch Nicholls,44,64078,Express 3500
194,Barney Webster,38,68136,Town & Country
195,Bethany Leslie,43,68024,Grand Caravan
196,Carter Wren,34,66155,Silverado
197,Mona Adams,26,62641,Beretta
198,Hanna Dickson,27,67647,530
199,Jane Campbell,36,64332,F430
200,Daniel Thompson,31,66342,Thunderbird
201,Callie Gunn,44,63888,LeMans
202,Alex Avery,35,66286,GTO
203,Lara Brennan,42,64416,Grand Vitara
204,Selena Rodwell,27,65149,Amigo
205,Christy Snow,37,64941,Yukon XL 1500
206,Miley Vallory,36,64937,Dakota
207,Johnny Shelton,41,68733,Pacifica
208,Marvin Mills,33,63461,Voyager
209,Makenzie Lomax,30,61625,A8
210,Mason Alldridge,29,61806,Range Rover Sport
211,Michaela Lee,42,64784,F250
212,Emely Carter,40,61667,Econoline E150
213,Noah Mackenzie,27,61616,Camaro
214,Noemi Allington,43,65095,S40
215,Chloe Weatcroft,37,65795,RL
216,Valerie Briggs,43,67427,Cougar
217,Andrea Donnelly,41,68992,Paseo
218,Nathan Jeffery,33,66815,Festiva
219,Nathan Jarrett,24,67747,MPV
220,Elijah Ranks,39,61059,Sonoma Club Coupe
221,Johnny Todd,34,62817,Colt
222,Peter Ventura,27,61952,Taurus
223,Eryn Tanner,25,61768,Skyhawk
224,Michael Heaton,39,66366,Sonata
225,Johnny Varndell,30,64783,Firebird
226,Eileen Haines,34,62235,Cavalier
227,Caydence Collins,32,64372,Passport
228,Eduardo Emmett,41,66182,Durango
229,Melania Reading,30,63762,VehiCROSS
230,Daron Salt,40,61583,911
231,Catherine Robinson,39,64792,Leone
232,Robyn Robinson,38,61506,Cultus
233,Peter Wren,30,65730,riolet
234,Harvey Coll,34,68665,Q5
235,Lucy Terry,31,65022,Vitara
236,Enoch Pond,43,67736,Quattroporte
237,Joseph Shaw,33,64536,Golf
238,Darlene Simmons,32,64051,riolet
239,Ramon Spencer,28,61403,Grand Caravan
240,Jacqueline White,36,65982,Econoline E150
241,Tyler Mitchell,25,66987,Avalanche 1500
242,Hank Owens,28,64717,Express 3500
243,Daria Bentley,32,61105,Challenger
244,Logan Morgan,39,62911,500SL
245,Rachael Garcia,39,67500,Aero 8
246,Alan Robe,35,63925,929
247,Ronald Widdows,38,68975,X-Type
248,Henry Buckley,37,67373,Sephia
249,Denis Gregory,30,62346,Sierra 1500
250,Vivian Clark,36,62737,911
251,Clint Flanders,30,62768,F350
252,Manuel Nobbs,24,64586,Mazdaspeed6
253,Michaela Carter,43,61027,RX Hybrid
254,Kurt Turner,43,67736,M3
255,Ethan Saunders,41,64751,Daewoo Kalos
256,Bart Devonport,39,66092,Grand Prix
257,Brooklyn Murray,30,68575,Highlander
258,Rick Michael,37,62638,R32
259,Jenna Lynch,44,67884,H3T
260,Barney Fulton,37,65318,Roadster
261,Martin Williams,38,66849,Endeavor
262,Nate Everett,40,65405,E250
263,Domenic Lee,32,64895,S10
264,Maddison Dallas,43,62221,Escalade EXT
265,Lillian Yard,34,65466,RSX
266,Alexander Yoman,41,65185,Avenger
267,Eileen Horton,31,68294,626
268,Eduardo Hale,36,64882,Grand Prix
269,Rufus Potts,43,64991,Yukon XL 1500
270,Percy Butler,41,62879,Grand Marquis
271,Rick Payne,37,66011,DBS
272,Rosa Johnson,26,63474,Z4 M Roadster
273,Jack Pearson,24,62314,xD
274,Danny Spencer,38,63671,Ram 1500
275,Mark Widdows,41,62065,SVX
276,Marvin Hancock,39,68328,Grand Am
277,Nicholas Jarvis,37,64964,Tribute
278,David Drake,34,64599,Sunfire
279,Rose Nobbs,31,66323,ES
280,Josh Gilmore,27,63206,RX
281,Jacob Collins,24,63116,Precis
282,Kurt Paterson,37,66197,Kizashi
283,Alan Thorpe,36,62240,Sedona
284,Sebastian Clayton,34,65633,Voyager
285,Rick Eagle,43,68077,Eclipse
286,Alan York,25,61135,Talon
287,Ada Mcgee,41,65911,Continental
288,Mark Baker,34,66619,Lancer
289,Gemma West,28,66326,TrailBlazer
290,Maxwell Griffiths,25,65074,Quattroporte
291,Shelby Craig,40,63950,Golf
292,Julian Skinner,30,61042,Escort
293,Lillian Yang,29,65823,CX-7
294,Chris Verdon,34,61183,RX
295,Tara Bolton,39,67150,Mark LT
296,Morgan Ellis,33,61223,tC
297,Ronald Jennson,37,67756,Verona
298,Gil Ring,35,65136,Blazer
299,Savannah Weasley,42,65271,RAV4
300,Scarlett Logan,27,66757,Montero
301,Rufus Taylor,34,68449,Contour
302,Carina Wright,32,66679,Grand Cherokee
303,Daniel Victor,28,65134,Venture
304,Hailey Yoman,40,65810,Intrepid
305,Mason Thorpe,40,62727,Viper
306,Barry Hopkins,34,66939,Roadster
307,Daniel Richardson,42,63578,Caprice
308,Samara Bullock,40,65585,Pajero
309,Daria John,38,66221,Beretta
310,Jayden Simpson,32,61718,5 Series
311,Carter Shields,32,66242,LR2
312,Mabel Vince,34,62327,MX-6
313,Daron Morgan,24,66935,Ram 3500
314,Cassidy Swift,39,67103,G-Class
315,Ethan Kelly,42,63356,Land Cruiser
316,Lucas Rixon,28,68401,Pilot
317,Leanne Patel,35,65722,Festiva
318,Eve Kerr,30,66513,Escalade EXT
319,Chadwick Gray,29,66647,LX
320,Jackeline Wills,43,64271,Passat
321,Leroy Healy,24,68789,Escape
322,Priscilla Upton,24,64735,LX
323,Erick Rowan,36,66443,Land Cruiser
324,Marissa Notman,35,66953,Yukon
325,Caleb Fields,44,64064,V70
326,Danny Holmes,40,63882,Sephia
327,Hank Milner,42,64843,Azera
328,Julius Saunders,43,62898,Swift
329,Johnny Martin,39,63010,riolet
330,Hannah Power,24,62717,Camaro
331,Chris Trent,37,66397,Elantra
332,Matthew Atkinson,35,63550,Jetta
333,Angela Rossi,28,65089,RL
334,Payton Calderwood,26,68870,Golf
335,Sara Burnley,34,63090,Eos
336,Abdul Power,41,63773,Viper
337,Matt Armstrong,30,68602,Milan
338,Sasha Amstead,25,61273,Cooper Countryman
339,Juliette Dann,35,61853,Esprit
340,Ruby Mills,38,67529,Freelander
341,Crystal Funnell,32,61116,XJ Series
342,Shelby Hunter,29,67914,Clubman
343,Chad Calderwood,42,68333,Q
344,Brooklyn Norton,37,66027,RL
345,Raquel Patel,44,67459,QX56
346,Percy Rycroft,30,68958,i-Series
347,Natalie Stevens,35,64013,Impreza
348,Domenic Vaughn,26,67663,9-7X
349,Caleb Kelly,32,66745,Firebird
350,Freya Isaac,24,64905,S-Class
351,Daron Richardson,42,63454,80
352,Estrella Seymour,41,63965,Villager
353,Marina Alldridge,28,64680,GX
354,Percy Andrews,37,68475,Challenger
355,Ilona Addis,37,68613,Camry
356,John Gates,35,65017,Caravan
357,Tyson Butler,39,62178,CLK-Class
358,Julianna Morgan,35,63737,Century
359,Andie Farmer,42,61187,A4
360,Isabella Lee,31,65493,Suburban 2500
361,Denis Emmett,27,63436,Esprit
362,Florence Holmes,37,68174,Diablo
363,Holly Reading,32,62673,Rio
364,Nicholas Reynolds,35,61428,GTI
365,Abdul Abbot,24,61992,Tracker
366,Julius Ashwell,37,67369,Crossfire
367,Clint Blackburn,37,62133,Ranger
368,Ellen Rowan,27,65710,Relay
369,Aiden Foxley,33,66651,R-Class
370,Daniel Veale,42,64295,CLS-Class
371,Mara Kennedy,40,64588,Odyssey
372,Phillip Nash,38,64573,Tacoma
373,Nate Drake,24,61611,MKT
374,Emerald Truscott,29,61950,Bravada
375,Jack Wigley,38,64032,Protege
376,Nicholas Willson,42,68279,Pilot
377,Phillip Boden,33,68623,Eurovan
378,Michaela Morrow,33,61344,Integra
379,Molly Gordon,39,65091,Sprinter 3500
380,Peyton Hobson,37,63563,Truck
381,Norah Long,27,68261,GLI
382,Makenzie Lowe,27,64506,Navigator L
383,Tess Alldridge,28,65763,Tempo
384,Sofia Archer,29,67553,Silverado 3500
385,Josephine Speed,39,68497,Taurus
386,Samara Duvall,42,67642,Colt Vista
387,Marigold Larsen,31,64552,Z4
388,Jack Fox,32,61314,Mark LT
389,Deborah Chadwick,29,67796,2CV
390,Cedrick Kennedy,37,64129,tC
391,Rowan Wills,29,67610,Eurovan
392,Anthony Gibson,30,63819,1500
393,Nick Ebbs,34,66134,X-Type
394,Gwenyth Woods,35,65507,Optima
395,Gladys Owen,28,64258,S4
396,Jackeline Farrant,40,67170,SJ
397,Benjamin Ellis,44,68261,M3
398,Barney Jarvis,38,63495,Camaro
399,Cedrick Mccormick,26,64675,Bonneville
400,Erick Truscott,42,63551,Frontier
401,Marvin Long,44,67419,Range Rover
402,Andrea Kaur,38,67123,VUE
403,Leilani Johnson,34,62859,Explorer Sport Trac
404,Sebastian Jarrett,38,65933,2500 Club Coupe
405,Kieth Bolton,40,62868,G
406,Kendra Wigley,44,68011,Suburban 2500
407,Phillip Rowan,35,63060,Escalade ESV
408,Georgia Andrews,39,65104,LSS
409,Alessia Tyrrell,43,61640,FJ Cruiser
410,Tony Swan,41,62643,R-Class
411,Nate Moran,28,63928,Santa Fe
412,Nate Sawyer,29,62912,Festiva
413,Selena Harrison,38,62270,A8
414,Javier Snow,40,64046,599 GTB Fiorano
415,Julius Weatcroft,28,61032,Passat
416,Anabelle Rosenbloom,38,62628,Compass
417,Cynthia Ross,24,64385,CLK-Class
418,Regina Woodley,38,61220,Oasis
419,Ron Talbot,27,68401,Matrix
420,Olivia Hilton,32,64159,Altima
421,Elisabeth Heaton,43,64236,323
422,Vivian Russell,34,62039,Traverse
423,Javier Hilton,40,64259,Dakota Club
424,Ilona Dowson,32,68544,Wrangler
425,Tyson Hastings,37,63751,Contour
426,Cecilia May,28,61203,Classic
427,Martin Murray,24,68650,3 Series
428,Vicky Weasley,27,64610,LS
429,Doris Owen,34,62814,Cavalier
430,Martha Drew,40,63119,Milan
431,Estrella Dallas,29,61659,Lancer
432,Denny Farmer,42,65606,LTD Crown Victoria
433,Grace Davies,26,68535,GL-Class
434,Aiden Lambert,36,65379,Avalon
435,Alexander Haines,36,65997,Cirrus
436,Emma Brown,25,68693,Falcon
437,Laila Vane,32,62827,Grand Am
438,Doris Michael,43,64475,A6
439,Marilyn Freeburn,33,67065,Fusion
440,Erick Hobbs,31,63759,Sable
441,Angelina Darcy,32,62430,Impreza
442,Doug Stone ,38,67358,Camaro
443,Gil Welsch,36,64456,Odyssey
444,Jade Wood,29,66960,MX-3
445,Marvin Neal,37,67574,Grand Prix
446,Mason Whinter,31,61949,Escort ZX2
447,Aileen Preston,42,64761,i-290
448,Josh Wren,39,63031,Yukon
449,Harriet Collins,24,64807,S-Class
450,David Warden,38,61886,Voyager
451,Gemma Squire,35,64479,Azure
452,Manuel Gates,34,62373,Ram Van 2500
453,Naomi Hall,43,61951,Escort
454,Nathan Warren,31,67921,ES
455,Caleb Gonzales,30,68362,LHS
456,Alba Cork,40,62395,Familia
457,George Maxwell,37,64098,Corvette
458,Danielle Morrison,33,63398,Grand Caravan
459,Matt Camden,37,68352,Bravada
460,Jocelyn Power,32,66055,5 Series
461,Adelaide Mcleod,26,67146,F-Series
462,Danny Adams,24,66018,Enclave
463,Gina Burnley,34,68019,300M
464,Samantha Farmer,33,64334,TL
465,Joseph Hamilton,40,61812,Sierra 1500
466,Cristal Durrant,25,61150,Corolla
467,Charlotte Whitehouse,28,67274,Prelude
468,Brad Page ,30,68643,Savana 3500
469,Danny Pierce,27,65973,Electra
470,Macy Paterson,24,64060,L300
471,Anne Terry,27,68968,Fleetwood
472,Daron Campbell,37,61338,Express 1500
473,Danny Baldwin,29,67084,C70
474,Winnie Malone,26,68121,Suburban 2500
475,Eduardo Snow,36,67247,Taurus X
476,Adalie Simpson,26,63095,Town Car
477,Juliet Becker,29,68400,3500
478,Maribel Hepburn,24,67599,Summit
479,Bryon Upsdell,43,64203,Tacoma
480,Benjamin Larsen,28,68768,G-Series G20
481,Harvey Casey,30,65857,3 Series
482,Jayden Booth,34,65756,E-Class
483,Mabel Whatson,36,68469,Terrain
484,Wendy Tailor,32,62333,New Beetle
485,Chad Bloom,36,67871,SRX
486,Russel Knight,32,61523,350Z
487,Bob Emmott,35,65070,RX
488,Lucas Yates,26,68673,Mazda6
489,Brad Richards,29,62268,Town & Country
490,Summer Steer,37,67879,Quattroporte
491,Ruby Nurton,31,61997,Corolla
492,Ronald Antcliff,40,66627,MDX
493,Maxwell Bennett,37,63487,2500
494,Piper Archer,26,68849,2500 Club Coupe
495,Harriet Williams,35,62082,Range Rover
496,Chris Wilson,32,64963,Explorer
497,Sebastian Collins,37,65060,Explorer
498,Kurt Irwin,38,63315,Sable
499,Elijah Robinson,40,63910,G55 AMG
500,Nathan Partridge,25,65850,S8
501,Bryon Wills,29,68918,MurciÃ©lago
502,Analise Ralph,34,65452,Silhouette
503,Bryce Lewin,32,62756,A6
504,Eve Harrison,38,63868,Liberty
505,Shay Porter,42,66136,Crown Victoria
506,Francesca Jarvis,32,68309,tC
507,Mark Nielson,40,64105,Metro
508,Benjamin Farmer,24,64492,E-Class
509,Rufus Samuel,29,61681,Volare
510,Rosalyn Archer,25,66018,New Beetle
511,Bob Thompson,34,66998,Expedition
512,Helen Thorpe,39,63192,A4
513,Domenic Pearson,40,67238,Navigator
514,Destiny Haines,41,68987,Lumina APV
515,Mike Amstead,29,61119,TT
516,Ramon Neal,31,66614,Explorer Sport Trac
517,Oliver Tailor,30,65285,Coachbuilder
518,Doug Tailor,35,64772,Optima
519,Oliver Umney,27,61955,FX
520,Noah Isaac,39,66590,Grand Am
521,Carter Roth,30,64034,Town Car
522,Hayden Jackson,42,68643,RX Hybrid
523,Gabriel Moran,27,62821,5 Series
524,Josephine Rehman,25,63901,Festiva
525,Belinda Mullins,34,62364,Regal
526,Helen Waterson,33,68081,3 Series
527,Melanie Watson,39,62234,Crown Victoria
528,Mason Stuart,43,66930,Cougar
529,Angelina Watson,26,64283,Legacy
530,Tony Dickson,36,68488,Silverado
531,Ethan Simmons,27,62659,Freestar
532,Elijah Strong,42,67887,Landaulet
533,Barney Andrews,36,61638,S4
534,Daphne Flett,33,66563,TSX
535,Sebastian Rowlands,34,68653,TL
536,Grace Weston,29,66566,Yukon Denali
537,Rosalee Eastwood,29,63475,Sierra 2500
538,Peter Bryson,31,67150,XT
539,Nicholas Pitt,25,61146,Brougham
540,Johnathan Hardwick,39,63082,Escalade
541,Michael Walter,44,65987,Passat
542,Joseph Flanders,38,68423,RL
543,Vivian Newton,24,66207,Express 3500
544,Benjamin Jordan,30,62614,Armada
545,Tiffany Marshall,37,68242,Expedition
546,Matt Moore,43,63840,SL-Class
547,Alex Hunt,35,63679,M-Class
548,Jayden Mcleod,29,61533,GTI
549,Tiffany Utterson,32,65487,626
550,Felicity Bell,34,65389,Elise
551,Destiny Farrow,36,67930,Seville
552,Liv Sinclair,43,67784,Sorento
553,Kate Whitehouse,41,62693,Navigator L
554,Elise Poole,28,61227,H3
555,Leroy Booth,29,63206,Continental
556,Carl Russell,40,65537,Ram 2500 Club
557,Mason Booth,35,62431,Grand Prix
558,Manuel Kelly,27,62301,GTI
559,Adalind Kidd,41,67060,Model S
560,Cherish Walter,25,67529,Tredia
561,Violet Craig,29,63052,Swift
562,Keira Thomson,43,63924,Silverado 2500
563,Bristol Plumb,29,61220,Impala
564,Olivia Cunningham,38,64962,X6
565,Nick Drew,41,61213,TL
566,Sofie Brock,32,63370,Escalade ESV
567,Emery Edler,44,64910,Vision
568,Chester Hunter,33,65063,98
569,Manuel Palmer,37,61001,Relay
570,Denny Stevens,38,62042,Sierra 1500
571,Tyson Foxley,41,64609,RX Hybrid
572,Rae Flynn,24,63793,GTI
573,Alex Rigg,38,61198,M3
574,Gabriel Parker,43,67341,TundraMax
575,Sharon Egerton,44,62403,Aero 8
576,Leroy Norburn,26,64952,A8
577,Rufus Huggins,29,63063,Esprit
578,Mona Bryant,27,64697,Caravan
579,Carter Harris,37,67046,LHS
580,Eduardo Pickard,26,67636,CR-Z
581,Julianna Kidd,34,61218,Regal
582,Caitlyn Knight,30,67737,Continental Flying Spur
583,Kassandra Powell,31,68651,xB
584,Tania Edwards,32,67820,MX-5
585,Tom Turner,40,62536,G25
586,Chad Plant,29,65597,Stanza
587,Bryon Shelton,35,62865,911
588,Cedrick Ellis,27,64208,F250
589,Marvin Radcliffe,25,68126,Town Car
590,Elijah Knight,44,64684,929
591,Robyn Gates,34,66539,Sequoia
592,Vivian Addis,32,66935,RX-8
593,Ivy Mcguire,25,67805,Tempo
594,Ronald Martin,43,64792,M
595,Nathan Leigh,31,64625,Cavalier
596,Aiden Robe,35,63229,Elantra
597,Alessandra Lindsay,26,61889,Windstar
598,Florence Everett,26,62887,Avalon
599,Lucas Walker,41,63621,Q7
600,Abdul Nurton,35,64682,Scoupe
601,John Norris,32,64416,Mazda3
602,Chadwick Harper,40,63832,Corolla
603,Davina Yang,25,66211,Tracker
604,Rihanna Graves,30,63945,Diamante
605,Matt Bradley,38,61645,Tempo
606,Mary Flack,36,63193,S60
607,Kendra Potts,40,67237,Grand Cherokee
608,Rosalie Moreno,28,68496,Yukon
609,Gwen Gavin,32,68767,Eclipse
610,Hayden Matthews,34,65284,A5
611,Alba Milner,39,63162,Gemini
612,Maxwell Chadwick,27,63172,Protege
613,Russel Calderwood,33,64772,Baja
614,Vivian Miller,37,62020,Leaf
615,Manuel Flett,26,61592,Voyager
616,Abdul Norton,29,63480,V70
617,Caydence Knight,29,67927,CLS-Class
618,Adelaide White,26,67875,Escort
619,Abdul Mcgee,30,68274,LHS
620,Ethan Adams,43,66576,RX
621,Sofie Savage,43,61591,Tahoe
622,Destiny Knight,34,62719,Crown Victoria
623,Chloe Appleton,25,61821,IS
624,Oliver Dyson,33,65845,Cayman
625,Jocelyn Robertson,38,67284,Sunfire
626,Courtney Sherry,40,67665,Corvette
627,Doug Stevens,29,68805,V70
628,Martin Shelton,40,61093,Fox
629,Rufus Ellwood,27,64466,G37
630,Martha Ralph,28,64635,F250
631,Gabriel Sheldon,38,68691,Grand Marquis
632,Hank Yoman,41,67173,Regal
633,Marjorie Larsen,30,63708,EXP
634,Aisha Rowan,26,62426,3500
635,Hayden Sherry,28,67274,Seville
636,Rocco Rogan,35,64049,Sonoma
637,Carla Redwood,25,62048,XJ
638,Lillian Stuart,37,66012,TSX
639,Gina Goodman,41,65226,PT Cruiser
640,Belinda Hancock,38,65875,LX
641,Lara Lucas,35,62734,240SX
642,Vera Patel,41,64416,Fiesta
643,Evie Johnson,40,61082,M3
644,Georgia Larkin,24,63716,S10 Blazer
645,Paula Butler,36,64954,Courier
646,Nina Dyson,35,67391,MPV
647,Britney Reynolds,29,65678,MX-5
648,Tyson Gordon,44,61996,X3
649,Mike Ranks,36,66385,Impreza
650,Aisha Overson,33,63538,TL
651,Alba Roberts,38,67835,S-Series
652,Benjamin Lucas,31,63553,Protege
653,Sadie Flynn,27,65294,Miata MX-5
654,Tania Martin,25,62868,Mustang
655,Hank Villiger,37,64267,Citation
656,Marina Tait,43,68493,F350
657,Samantha Brown,44,61150,Ram Wagon B150
658,Bart Becker,25,65268,Grand Caravan
659,Selena Davies,42,67317,NV2500
660,Grace Ballard,29,67824,DB9
661,Aiden Jefferson,31,65074,Explorer
662,Belinda Collis,39,67874,Safari
663,Michael Eaton,27,62272,Lancer Evolution
664,Bart Jenkin,41,61545,XL7
665,Chris Willis,27,62946,ES
666,Alexander Rodwell,35,63946,S40
667,Chuck Nicolas,41,61064,Ram 1500
668,Leroy Cameron,42,64064,Silverado 2500
669,Tom Page ,38,65419,7 Series
670,Rick Norris,41,64849,Ram Van 3500
671,Wade Jacobs,24,63068,Ram
672,Tiffany Gates,27,66940,Windstar
673,Matt Gilmore,31,64016,G-Class
674,Amy Osman,36,67993,Terrain
675,Denny Brown,35,68154,RVR
676,Brad Porter,36,64763,Yukon XL 1500
677,Adela Olson,30,61967,Dynasty
678,David Addis,34,63985,Dakota Club
679,Marilyn Watson,34,68503,Elantra
680,Jade Edwards,26,63545,CLK-Class
681,Javier Walker,27,67494,Swift
682,Aiden Phillips,42,63228,Explorer
683,Analise Scott,37,67334,Terrain
684,Nick Reese,25,67953,Colorado
685,Gabriel Archer,30,64230,Crown Victoria
686,Manuel Marshall,29,68876,300
687,Valerie Darcy,25,62039,Hemisfear
688,Nicholas Samuel,40,61834,Jetta III
689,Savannah Lane,35,65385,G25
690,Boris Wise,39,65975,Omni
691,Cara Noon,29,64895,Range Rover Sport
692,Caleb Baldwin,37,61442,Amigo
693,Anthony Poole,36,61446,300
694,Aurelia White,41,67081,F350
695,Teagan Parker,39,66990,Discovery
696,Harvey Cartwright,41,68018,Grand Prix
697,Taylor Saunders,30,62280,Challenger
698,Ron Grant,36,62423,LS
699,Thea Devonport,39,62690,xB
700,Bart Murphy,42,62050,Corolla
701,Josephine Hobson,44,63204,928
702,Clint Gonzales,35,68855,Metro
703,Julian Curtis,27,63621,240SX
704,Kendra Redden,35,66519,Astro
705,Chad Saunders,38,62019,Tercel
706,Benjamin Norris,33,64784,Cabriolet
707,Jacob Tennant,39,66462,Aerostar
708,George Doherty,31,68509,Ram 2500
709,David Olson,41,64415,Tribute
710,Bristol Barclay,27,68985,F150
711,Alice Alcroft,37,64853,Outback
712,William Reynolds,41,61746,Golf
713,Lynn Weston,39,61401,MKZ
714,William Cunningham,28,64567,TSX
715,Noah Robertson,33,63897,Ram 3500
716,Cherish Dubois,28,61080,Z3
717,Sydney Parker,32,62788,Sportage
718,William Kelly,34,61774,Aerio
719,Thea Power,37,65413,Impreza
720,Noah Stanley,34,68403,Milan
721,Kamila Thorpe,40,66768,Bronco
722,Kimberly Fulton,37,64156,3500
723,Lucas Wise,44,67192,Mirage
724,Alison Lowe,32,66927,5000CS Quattro
725,Javier Wise,28,66667,B-Series Plus
726,Elijah Snell,40,65401,A8
727,Aileen Clark,34,67908,Mirage
728,Carl Mackenzie,37,68593,B-Series
729,Felicity Ripley,42,61410,Suburban 1500
730,Ryan Rodgers,35,68094,Uplander
731,Henry Murphy,38,67493,Element
732,Clint Simpson,29,64518,4000
733,Mayleen Vollans,30,65276,Eurovan
734,Martin Reid,41,65670,Highlander
735,Melinda Warren,36,67795,Express 1500
736,Erin Robertson,25,61800,Forester
737,Ramon Lambert,27,67292,Grand Am
738,Rufus Irwin,24,65788,CLK-Class
739,Ivette Tanner,34,67822,Tracker
740,Henry Hancock,41,67320,Continental Mark VII
741,Cherish Partridge,26,66637,Jetta
742,Carina Carpenter,40,66913,Sierra
743,Blake Oliver,25,68729,F350
744,Bristol Redden,30,65972,Impala
745,Lynn Lloyd,37,65036,Yukon XL 2500
746,Keira Freeburn,25,67174,F350
747,Alexander Dubois,25,63982,RL
748,Taylor Lloyd,26,62566,2500 Club Coupe
749,Adalie Patel,37,63059,300M
750,Rose Garcia,41,66629,Canyon
751,Josephine Chapman,36,63528,9-7X
752,Martin Cox,43,61353,D350
753,Danny Blythe,24,61126,CR-V
754,Hannah Durrant,31,61982,Grand Caravan
755,Manuel Nelson,29,66060,Tacoma
756,Chris Mooney,25,67455,A5
757,Kimberly Campbell,28,62360,Savana 3500
758,Celina Hall,27,63806,Fifth Ave
759,Bryon Veale,38,63012,Pajero
760,Erick Rehman,34,64355,9000
761,Doug Wilkinson,39,63181,F150
762,David Dubois,30,68669,Sunfire
763,Denis Roberts,24,63591,Cooper
764,Leah York,27,63765,Grand Am
765,Ada Vane,33,61950,SL-Class
766,Analise Pearce,38,68412,Yukon
767,Livia Stevenson,43,63797,Sunfire
768,Alexander Upton,41,68354,Eclipse
769,Lana Lewis,33,62316,Ascender
770,Anabelle Harvey,36,65556,Altima
771,Emmanuelle Nelson,37,61637,S40
772,Hank Lynn,25,64175,Cayenne
773,Colleen Russel,25,63236,Town & Country
774,Julia Moreno,40,62219,Ion
775,Logan Griffiths,32,67268,Intrepid
776,Trisha Plant,39,68313,Lumina
777,Karen Abbey,43,66125,325
778,Celina Baker,42,65552,MPV
779,Doug Bell,35,68072,Impala
780,Abdul Knight,31,66491,626
781,Lynn Roberts,37,62857,Esteem
782,Nicholas Wellington,32,66504,Genesis Coupe
783,Melody Robinson,42,68986,Frontier
784,Carter Miller,25,66837,GS
785,Vera Holt,31,65811,Azure
786,Peter Milner,42,64231,Impreza
787,Hayden Watson,31,61784,X3
788,Phoebe Dixon,31,68409,6 Series
789,Maxwell Partridge,38,68345,Matrix
790,Summer Edmonds,39,64833,Accent
791,Rocco Lewin,25,66914,Imperial
792,Alexander Cavanagh,27,64490,S-Class
793,Gwen Harrison,25,62198,Yukon XL 2500
794,Jacob Lewin,32,64729,Highlander
795,Camila Appleton,27,62211,Previa
796,Tania Ward,39,68248,Villager
797,Hayden Hall,24,61107,Mazdaspeed 3
798,Sofie Reading,24,66123,B-Series
799,Jack Pitt,30,65232,F-Series Super Duty
800,Michael Irwin,27,66748,Sentra
801,Camellia Connell,38,63635,Spyder
802,Alba Maxwell,30,63286,CC
803,Elle Collins,37,68177,Rendezvous
804,Cecilia Price,24,68394,LX
805,Benjamin Irving,33,68241,Paseo
806,Daria Bishop,33,63066,Virage
807,Sabina Grey,27,67731,Biturbo
808,Lana Salt,43,67377,Sierra
809,Natalie Farrant,42,67382,Titan
810,Deborah Wren,35,65900,Lancer
811,Regina Smith,41,64057,Venture
812,Chris Bell,31,68544,Riviera
813,Paula Abbey,39,68839,600SL
814,Ember Porter,41,66778,Supra
815,Analise Verdon,27,68029,F250
816,Thea Cadman,30,65012,Cooper Clubman
817,Margot Hale,32,67986,Crown Victoria
818,Clint Nicolas,30,63815,Blazer
819,Molly Tait,25,66852,Cougar
820,Noah Moreno,33,68564,Passat
821,Javier Jordan,27,61957,S-Class
822,Tess Sanchez,25,61075,F250
823,Johnathan Hobbs,32,61190,Dakota
824,Nathan Curtis,38,68544,530
825,Kendra Hopkins,42,65209,LS
826,Alexa Shea,30,64437,Grand Prix
827,Ryan Denton,44,62586,LX
828,Gwen Jackson,43,66901,Ascender
829,Davina Whatson,34,67125,3000GT
830,Benjamin Taylor,28,61466,Ghost
831,Russel Holmes,42,67801,Xterra
832,Lara Rossi,24,64911,Beetle
833,Johnathan Hammond,26,67035,X-Type
834,Kieth Yates,41,68849,Aveo
835,Emely Lynn,27,64710,G37
836,Joy Vince,29,65006,7 Series
837,Rosalie Corbett,33,68868,MKZ
838,Sloane Lewis,31,61823,F250
839,Aiden Wild,34,62895,CLK-Class
840,Joseph Thomas,40,65514,Jetta
841,Liam Button,26,62145,Tribute
842,Luke Ellis,43,66811,525
843,Leah Rodwell,40,63262,Grand Prix
844,Nate Connor,30,62675,G5
845,Fred Wilson,26,66088,Focus
846,Mason Walton,35,61020,Town Car
847,Kieth Patel,27,64079,Neon
848,Makena Clarke,26,64495,S90
849,Kaylee Duvall,36,67843,Corvette
850,Rita Rust,33,61792,Elantra
851,Bart Wills,38,61211,Express
852,Percy Corbett,26,66447,Tiburon
853,Maya Nobbs,30,64412,F350
854,Nick Lane,34,64453,Accent
855,Gabriel Fox,44,68476,4Runner
856,Clarissa Farrell,32,62260,Grand Am
857,Percy Harrington,40,66739,XC60
858,Aileen Duvall,32,65504,Sierra
859,Bob Olson,36,61572,Esprit
860,Hanna Hamilton,24,63160,Sebring
861,Karen Richards,27,66092,Corvette
862,Francesca Olson,44,64245,911
863,Benjamin Donovan,27,68973,Escalade ESV
864,Gwen Tennant,24,62201,Gemini
865,Melody Riley,32,62908,Mazda6
866,Eduardo Jacobs,41,63771,MDX
867,Javier Broomfield,33,64100,M6
868,Samantha Bryson,27,64582,H3T
869,Makenzie Khan,25,68474,RL
870,Alice Welsch,29,67227,Grand Vitara
871,Clarissa Crawley,31,64586,Rogue
872,Sadie Bolton,42,61007,LX
873,Carter Owen,41,65443,QX
874,Doris Lloyd,30,61898,Regal
875,Alison Blackburn,25,67925,Explorer Sport Trac
876,Marie Devonport,25,63743,Thunderbird
877,Martin Coll,38,67661,Navigator
878,Ramon Shaw,35,66818,S2000
879,Camden Richards,25,66170,M3
880,Benny Clarke,26,67632,XR4Ti
881,Nicholas Davies,33,67953,F-Series
882,Aurelia Becker,37,64138,Odyssey
883,Darlene Villiger,29,65384,Cressida
884,Rylee Burge,35,65936,Montana
885,Selena Eddison,38,68953,LeMans
886,Matt Willis,24,64728,Discovery Series II
887,Fred Booth,30,67578,Discovery
888,John Palmer,24,68894,3500
889,Sadie Addley,39,64958,Prowler
890,Rose Miller,24,65030,Outback
891,Anthony Oliver,31,66456,Freelander
892,Danny Holmes,43,64626,9000
893,Danielle Ainsworth,30,67993,Windstar
894,Domenic Cattell,39,68223,H3
895,Joyce Locke,34,68389,Sprinter 2500
896,Leah Notman,30,68460,Esperante
897,Kieth Adler,41,66164,3-Sep
898,Bryon Addley,43,65601,Sentra
899,Denny Lynn,30,65812,W201
900,Taylor Rogers,41,63460,M3
901,Carter Knott,41,68323,B-Series
902,Jacob Thomas,31,62598,Suburban 1500
903,Janice Whitmore,37,61845,Aveo
904,Owen Hale,29,68804,Century
905,Kieth Willson,26,67083,Grand Marquis
906,Stacy Mullins,31,66665,Quest
907,Domenic Knight,34,66232,Maxima
908,Cedrick Ross,28,65800,S2000
909,Eden Warren,32,62026,E150
910,Tiffany Atkinson,32,66059,Fox
911,Martin Brennan,38,68443,Vision
912,Hayden Wheeler,25,61928,Milan
913,Payton Clarkson,36,63959,MDX
914,Jayden Tyrrell,37,65445,C8 Double 12 S
915,Matt Jobson,25,63659,Tribeca
916,Hayden Russell,25,65595,G-Series G20
917,Havana Williams,28,62787,Wrangler
918,Mavis Butler,40,63351,Xterra
919,Tyson Knight,30,61411,Equus
920,Bart Stewart,38,68217,Maxima
921,Emmanuelle Lloyd,24,65159,E-Class
922,Carmen Jennson,42,66593,Explorer
923,Anabelle Quinton,38,65056,LR2
924,Bernadette Dann,38,68134,C-Class
925,Beatrice Rothwell,24,67054,GLK-Class
926,Johnathan Shaw,25,63717,XK Series
927,Bristol Holmes,37,66493,Ram 1500
928,Skylar Watson,40,68344,Diamante
929,William Edley,41,66975,Sephia
930,Rosemary Gordon,37,63015,SJ
931,Robyn Exton,33,65232,Crown Victoria
932,Nicholas Warner,38,62497,XC90
933,Danny Thornton,30,65676,Sportage
934,Bart Radcliffe,32,63570,xD
935,Jacob Jarvis,41,68877,GTI
936,Gabriel Taylor,34,66444,GTI
937,Danielle Varndell,38,65606,Cruze
938,Daron Chadwick,33,65992,Escort
939,Logan Adler,43,62142,Cherokee
940,Alexander Vaughn,37,63161,Sonata
941,Leroy Rainford,32,68904,Continental Mark VII
942,Sebastian Dunbar,38,68863,Millenia
943,Kate Thornton,30,66591,Avalon
944,Anabelle Morrow,39,65764,Ghost
945,Eduardo Wren,42,65857,M-Class
946,Alba Marshall,42,64462,Tracker
947,Carissa Clarkson,24,67854,SLK-Class
948,Fred Simpson,38,68591,Pathfinder
949,Barney Mcgee,31,66672,XT
950,Ivette Rigg,35,68420,900
951,Stacy Carpenter,37,65215,Fifth Ave
952,Evie Nelson,43,66905,Familia
953,Rosemary Devonport,32,66983,Diablo
954,Selena Carter,26,61175,745
955,Mark Eddison,35,61561,F250
956,Hannah Murray,34,61042,Range Rover
957,Carina Bristow,33,68866,Lancer Evolution
958,Jane Crawley,29,61663,Yukon
959,Benny Wren,25,64478,Silhouette
960,Elly Clifford,26,66963,FX
961,Marvin Fisher,33,68777,Daewoo Lacetti
962,Matthew Morris,31,66363,Grand Prix
963,Marilyn Wright,33,62846,Riviera
964,Nathan Eagle,37,63718,Fortwo
965,Rae Shea,36,63262,Highlander
966,Martin Burnley,43,67531,S5
967,Rosalee Speed,29,63775,S-Series
968,Gabriel Doherty,32,67197,Summit
969,Rosalie Burge,44,66167,riolet
970,Marilyn Jarrett,29,66616,Ram Van B150
971,David Oliver,42,61388,E250
972,Cherish King,42,66417,5 Series
973,Erica Lambert,42,62415,Boxster
974,Danielle James,27,68872,Caravan
975,Melanie Anderson,24,64923,Spectra
976,Percy Rosenbloom,42,64508,Cougar
977,Bart Whitehouse,41,67581,9000
978,Josh Horton,33,67454,Escalade EXT
979,Ron Wills,40,67460,3 Series
980,Denis Hudson,39,66579,Corvette
981,Doug Moran,24,68682,Expedition
982,Hayden Dunbar,32,66399,Land Cruiser
983,Benjamin Kelly,40,68692,M-Class
984,Carla Williams,34,66662,MR2
985,Barney Mills,39,64215,Mariner
986,Cedrick Rothwell,40,64406,Prius
987,Mackenzie Reyes,24,65162,Aerio
988,Domenic Bradshaw,40,62491,57
989,Sloane Strong,30,61660,Q
990,Barry Baldwin,25,68247,Crown Victoria
991,Florence Harris,42,63664,R-Class
992,Emmanuelle Addison,40,66262,M-Class
993,Colleen Swan,24,67636,Esprit
994,Anabel Benson,26,64876,9-4X
995,Cedrick Poulton,28,68106,Camaro
996,Ronald Blackburn,44,61029,Escort
997,Cynthia Swift,26,62475,6000
998,Enoch Styles,29,66608,Passat
999,Javier Vangness,43,66504,DeVille
1000,Meredith Furnell,34,63613,Paracetamol
